[{"pk": 21, "model": "contenttypes.contenttype", "fields": {"model": "article", "name": "Article", "app_label": "article"}}, {"pk": 11, "model": "contenttypes.contenttype", "fields": {"model": "category", "name": "Cat\u00e9gorie", "app_label": "forum"}}, {"pk": 19, "model": "contenttypes.contenttype", "fields": {"model": "chapter", "name": "Chapitre", "app_label": "tutorial"}}, {"pk": 20, "model": "contenttypes.contenttype", "fields": {"model": "extract", "name": "Extrait", "app_label": "tutorial"}}, {"pk": 12, "model": "contenttypes.contenttype", "fields": {"model": "forum", "name": "Forum", "app_label": "forum"}}, {"pk": 18, "model": "contenttypes.contenttype", "fields": {"model": "part", "name": "Partie", "app_label": "tutorial"}}, {"pk": 10, "model": "contenttypes.contenttype", "fields": {"model": "profile", "name": "Profil", "app_label": "member"}}, {"pk": 13, "model": "contenttypes.contenttype", "fields": {"model": "topic", "name": "Sujet", "app_label": "forum"}}, {"pk": 15, "model": "contenttypes.contenttype", "fields": {"model": "topicread", "name": "Sujet lu", "app_label": "forum"}}, {"pk": 16, "model": "contenttypes.contenttype", "fields": {"model": "topicfollowed", "name": "Sujet suivi", "app_label": "forum"}}, {"pk": 17, "model": "contenttypes.contenttype", "fields": {"model": "tutorial", "name": "Tutoriel", "app_label": "tutorial"}}, {"pk": 9, "model": "contenttypes.contenttype", "fields": {"model": "captchastore", "name": "captcha store", "app_label": "captcha"}}, {"pk": 4, "model": "contenttypes.contenttype", "fields": {"model": "contenttype", "name": "content type", "app_label": "contenttypes"}}, {"pk": 2, "model": "contenttypes.contenttype", "fields": {"model": "group", "name": "group", "app_label": "auth"}}, {"pk": 8, "model": "contenttypes.contenttype", "fields": {"model": "logentry", "name": "log entry", "app_label": "admin"}}, {"pk": 7, "model": "contenttypes.contenttype", "fields": {"model": "migrationhistory", "name": "migration history", "app_label": "south"}}, {"pk": 1, "model": "contenttypes.contenttype", "fields": {"model": "permission", "name": "permission", "app_label": "auth"}}, {"pk": 14, "model": "contenttypes.contenttype", "fields": {"model": "post", "name": "post", "app_label": "forum"}}, {"pk": 5, "model": "contenttypes.contenttype", "fields": {"model": "session", "name": "session", "app_label": "sessions"}}, {"pk": 6, "model": "contenttypes.contenttype", "fields": {"model": "site", "name": "site", "app_label": "sites"}}, {"pk": 3, "model": "contenttypes.contenttype", "fields": {"model": "user", "name": "user", "app_label": "auth"}}, {"pk": "3c710db293583dbfba92cb3879afef48", "model": "sessions.session", "fields": {"expire_date": "2013-07-31T23:56:16.029", "session_data": "ZGMyYjYxNWNjZGI1NTJlMWI2ZDE1OWI5NjNkYzZlMWE2Y2E5NTljYjqAAn1xAShVD19zZXNzaW9u\nX2V4cGlyeXECSwBVCWdldF90b2tlbnEDVQwxYjc0NjdmM2UyNDRVEl9hdXRoX3VzZXJfYmFja2Vu\nZHEEVSlkamFuZ28uY29udHJpYi5hdXRoLmJhY2tlbmRzLk1vZGVsQmFja2VuZHEFVQ1fYXV0aF91\nc2VyX2lkcQZLAXUu\n"}}, {"pk": 1, "model": "sites.site", "fields": {"domain": "example.com", "name": "example.com"}}, {"pk": 1, "model": "south.migrationhistory", "fields": {"applied": "2013-07-16T10:13:49.022", "app_name": "captcha", "migration": "0001_initial"}}, {"pk": 2, "model": "south.migrationhistory", "fields": {"applied": "2013-07-16T10:13:49.965", "app_name": "member", "migration": "0001_initial"}}, {"pk": 3, "model": "south.migrationhistory", "fields": {"applied": "2013-07-16T10:13:50.729", "app_name": "member", "migration": "0002_auto__add_field_profile_biography"}}, {"pk": 4, "model": "south.migrationhistory", "fields": {"applied": "2013-07-16T10:13:51.499", "app_name": "member", "migration": "0003_auto__add_field_profile_avatar_url"}}, {"pk": 5, "model": "south.migrationhistory", "fields": {"applied": "2013-07-16T10:13:54.117", "app_name": "forum", "migration": "0001_initial"}}, {"pk": 6, "model": "south.migrationhistory", "fields": {"applied": "2013-07-16T10:13:55.153", "app_name": "forum", "migration": "0002_auto__add_topicread"}}, {"pk": 7, "model": "south.migrationhistory", "fields": {"applied": "2013-07-16T10:13:55.990", "app_name": "forum", "migration": "0003_auto__add_topicfollowed"}}, {"pk": 8, "model": "south.migrationhistory", "fields": {"applied": "2013-07-16T10:13:57.433", "app_name": "forum", "migration": "0004_auto__add_field_category_position__add_field_forum_position_in_categor"}}, {"pk": 9, "model": "south.migrationhistory", "fields": {"applied": "2013-07-16T10:13:59.428", "app_name": "forum", "migration": "0005_auto__add_field_category_slug__add_field_forum_slug"}}, {"pk": 10, "model": "south.migrationhistory", "fields": {"applied": "2013-07-16T10:14:03.251", "app_name": "tutorial", "migration": "0001_initial"}}, {"pk": 11, "model": "south.migrationhistory", "fields": {"applied": "2013-07-16T10:14:04.961", "app_name": "tutorial", "migration": "0002_auto__del_field_chapter_tutoriel__add_field_chapter_tutorial"}}, {"pk": 12, "model": "south.migrationhistory", "fields": {"applied": "2013-07-16T10:14:05.814", "app_name": "tutorial", "migration": "0003_auto__add_field_tutorial_description"}}, {"pk": 13, "model": "south.migrationhistory", "fields": {"applied": "2013-07-16T10:14:06.779", "app_name": "tutorial", "migration": "0004_auto__add_field_tutorial_icon"}}, {"pk": 14, "model": "south.migrationhistory", "fields": {"applied": "2013-07-16T10:14:07.669", "app_name": "tutorial", "migration": "0005_auto__del_field_chapter_text"}}, {"pk": 15, "model": "south.migrationhistory", "fields": {"applied": "2013-07-16T10:14:08.364", "app_name": "tutorial", "migration": "0006_auto__add_extract"}}, {"pk": 16, "model": "south.migrationhistory", "fields": {"applied": "2013-07-16T10:14:09.285", "app_name": "tutorial", "migration": "0007_auto__add_field_extract_title"}}, {"pk": 17, "model": "south.migrationhistory", "fields": {"applied": "2013-07-16T10:14:10.187", "app_name": "tutorial", "migration": "0008_auto__add_field_tutorial_is_visible"}}, {"pk": 18, "model": "south.migrationhistory", "fields": {"applied": "2013-07-16T10:14:11.091", "app_name": "tutorial", "migration": "0009_auto__add_field_chapter_position_in_tutorial"}}, {"pk": 19, "model": "south.migrationhistory", "fields": {"applied": "2013-07-16T10:14:13.832", "app_name": "tutorial", "migration": "0010_auto__add_field_chapter_slug__add_field_tutorial_slug__add_field_part_"}}, {"pk": 20, "model": "south.migrationhistory", "fields": {"applied": "2013-07-16T10:14:15.382", "app_name": "tutorial", "migration": "0011_auto__add_field_tutorial_introduction__add_field_tutorial_conclusion"}}, {"pk": 21, "model": "south.migrationhistory", "fields": {"applied": "2013-07-16T10:14:17.154", "app_name": "article", "migration": "0001_initial"}}, {"pk": 22, "model": "south.migrationhistory", "fields": {"applied": "2013-07-16T10:14:18.064", "app_name": "article", "migration": "0002_auto__add_field_article_description"}}, {"pk": 23, "model": "south.migrationhistory", "fields": {"applied": "2013-07-16T10:14:18.942", "app_name": "article", "migration": "0003_auto__add_field_article_is_visible"}}, {"pk": 1, "model": "forum.category", "fields": {"position": 1, "slug": "logiciel-libre", "title": "Logiciel libre"}}, {"pk": 2, "model": "forum.category", "fields": {"position": 2, "slug": "autres", "title": "Autres"}}, {"pk": 1, "model": "forum.forum", "fields": {"category": 1, "position_in_category": 1, "subtitle": "Discussions autour des diff\u00e9rentes licences libres", "slug": "licences", "title": "Licences"}}, {"pk": 2, "model": "forum.forum", "fields": {"category": 1, "position_in_category": 2, "subtitle": "Comment contribuer \u00e0 un logiciel libre ?", "slug": "contribuer", "title": "Contribuer"}}, {"pk": 3, "model": "forum.forum", "fields": {"category": 2, "position_in_category": 1, "subtitle": "Ici on parle de tout et (surtout) de rien.", "slug": "discussions-generales", "title": "Discussions g\u00e9n\u00e9rales"}}, {"pk": 1, "model": "tutorial.part", "fields": {"title": "Introduction", "introduction": "Pour bien cerner le sujet.", "position_in_tutorial": 1, "slug": "introduction", "tutorial": 2, "conclusion": "C'est bon ?"}}, {"pk": 2, "model": "tutorial.part", "fields": {"title": "Beaucoup de vide", "introduction": "", "position_in_tutorial": 2, "slug": "beaucoup-de-vide", "tutorial": 2, "conclusion": ""}}, {"pk": 1, "model": "tutorial.chapter", "fields": {"position_in_part": null, "title": "", "introduction": "", "part": null, "position_in_tutorial": null, "slug": "", "tutorial": 1, "conclusion": ""}}, {"pk": 2, "model": "tutorial.chapter", "fields": {"position_in_part": 1, "title": "Pr\u00e9sentation", "introduction": "", "part": 1, "position_in_tutorial": 1, "slug": "presentation", "tutorial": null, "conclusion": ""}}, {"pk": 3, "model": "tutorial.chapter", "fields": {"position_in_part": 2, "title": "Installation", "introduction": "Avec des outils.", "part": 1, "position_in_tutorial": 2, "slug": "installation", "tutorial": null, "conclusion": "Beaucoup d'outils !"}}, {"pk": 4, "model": "tutorial.chapter", "fields": {"position_in_part": 1, "title": "Comme ce chapitre", "introduction": "", "part": 2, "position_in_tutorial": 3, "slug": "comme-ce-chapitre", "tutorial": null, "conclusion": ""}}, {"pk": 5, "model": "tutorial.chapter", "fields": {"position_in_part": 2, "title": "Ou celui-l\u00e0.", "introduction": "", "part": 2, "position_in_tutorial": 4, "slug": "ou-celui-la", "tutorial": null, "conclusion": ""}}, {"pk": 1, "model": "tutorial.extract", "fields": {"chapter": 1, "position_in_chapter": 1, "text": "Ils sont mignons mais crachent parfois.", "title": "Les lamas"}}, {"pk": 2, "model": "tutorial.extract", "fields": {"chapter": 1, "position_in_chapter": 2, "text": "Lentes mais r\u00e9sistantes !", "title": "Les tortues"}}, {"pk": 3, "model": "tutorial.extract", "fields": {"chapter": 1, "position_in_chapter": 3, "text": "On dit que c'est l'animal le plus intelligent apr\u00e8s l'homme, enfin je crois.", "title": "Les dauphins"}}, {"pk": 4, "model": "tutorial.extract", "fields": {"chapter": 2, "position_in_chapter": 1, "text": "", "title": "Pomme"}}, {"pk": 5, "model": "tutorial.extract", "fields": {"chapter": 2, "position_in_chapter": 2, "text": "", "title": "Poire"}}, {"pk": 6, "model": "tutorial.extract", "fields": {"chapter": 2, "position_in_chapter": 3, "text": "", "title": "Abricot"}}, {"pk": 7, "model": "tutorial.extract", "fields": {"chapter": 3, "position_in_chapter": 1, "text": "", "title": "Pif"}}, {"pk": 8, "model": "tutorial.extract", "fields": {"chapter": 3, "position_in_chapter": 2, "text": "", "title": "Paf"}}, {"pk": 9, "model": "tutorial.extract", "fields": {"chapter": 3, "position_in_chapter": 3, "text": "", "title": "Pouf"}}, {"pk": 22, "model": "auth.permission", "fields": {"codename": "add_logentry", "name": "Can add log entry", "content_type": 8}}, {"pk": 23, "model": "auth.permission", "fields": {"codename": "change_logentry", "name": "Can change log entry", "content_type": 8}}, {"pk": 24, "model": "auth.permission", "fields": {"codename": "delete_logentry", "name": "Can delete log entry", "content_type": 8}}, {"pk": 61, "model": "auth.permission", "fields": {"codename": "add_article", "name": "Can add Article", "content_type": 21}}, {"pk": 62, "model": "auth.permission", "fields": {"codename": "change_article", "name": "Can change Article", "content_type": 21}}, {"pk": 63, "model": "auth.permission", "fields": {"codename": "delete_article", "name": "Can delete Article", "content_type": 21}}, {"pk": 4, "model": "auth.permission", "fields": {"codename": "add_group", "name": "Can add group", "content_type": 2}}, {"pk": 5, "model": "auth.permission", "fields": {"codename": "change_group", "name": "Can change group", "content_type": 2}}, {"pk": 6, "model": "auth.permission", "fields": {"codename": "delete_group", "name": "Can delete group", "content_type": 2}}, {"pk": 1, "model": "auth.permission", "fields": {"codename": "add_permission", "name": "Can add permission", "content_type": 1}}, {"pk": 2, "model": "auth.permission", "fields": {"codename": "change_permission", "name": "Can change permission", "content_type": 1}}, {"pk": 3, "model": "auth.permission", "fields": {"codename": "delete_permission", "name": "Can delete permission", "content_type": 1}}, {"pk": 7, "model": "auth.permission", "fields": {"codename": "add_user", "name": "Can add user", "content_type": 3}}, {"pk": 8, "model": "auth.permission", "fields": {"codename": "change_user", "name": "Can change user", "content_type": 3}}, {"pk": 9, "model": "auth.permission", "fields": {"codename": "delete_user", "name": "Can delete user", "content_type": 3}}, {"pk": 25, "model": "auth.permission", "fields": {"codename": "add_captchastore", "name": "Can add captcha store", "content_type": 9}}, {"pk": 26, "model": "auth.permission", "fields": {"codename": "change_captchastore", "name": "Can change captcha store", "content_type": 9}}, {"pk": 27, "model": "auth.permission", "fields": {"codename": "delete_captchastore", "name": "Can delete captcha store", "content_type": 9}}, {"pk": 10, "model": "auth.permission", "fields": {"codename": "add_contenttype", "name": "Can add content type", "content_type": 4}}, {"pk": 11, "model": "auth.permission", "fields": {"codename": "change_contenttype", "name": "Can change content type", "content_type": 4}}, {"pk": 12, "model": "auth.permission", "fields": {"codename": "delete_contenttype", "name": "Can delete content type", "content_type": 4}}, {"pk": 31, "model": "auth.permission", "fields": {"codename": "add_category", "name": "Can add Cat\u00e9gorie", "content_type": 11}}, {"pk": 32, "model": "auth.permission", "fields": {"codename": "change_category", "name": "Can change Cat\u00e9gorie", "content_type": 11}}, {"pk": 33, "model": "auth.permission", "fields": {"codename": "delete_category", "name": "Can delete Cat\u00e9gorie", "content_type": 11}}, {"pk": 34, "model": "auth.permission", "fields": {"codename": "add_forum", "name": "Can add Forum", "content_type": 12}}, {"pk": 35, "model": "auth.permission", "fields": {"codename": "change_forum", "name": "Can change Forum", "content_type": 12}}, {"pk": 36, "model": "auth.permission", "fields": {"codename": "delete_forum", "name": "Can delete Forum", "content_type": 12}}, {"pk": 40, "model": "auth.permission", "fields": {"codename": "add_post", "name": "Can add post", "content_type": 14}}, {"pk": 41, "model": "auth.permission", "fields": {"codename": "change_post", "name": "Can change post", "content_type": 14}}, {"pk": 42, "model": "auth.permission", "fields": {"codename": "delete_post", "name": "Can delete post", "content_type": 14}}, {"pk": 37, "model": "auth.permission", "fields": {"codename": "add_topic", "name": "Can add Sujet", "content_type": 13}}, {"pk": 38, "model": "auth.permission", "fields": {"codename": "change_topic", "name": "Can change Sujet", "content_type": 13}}, {"pk": 39, "model": "auth.permission", "fields": {"codename": "delete_topic", "name": "Can delete Sujet", "content_type": 13}}, {"pk": 46, "model": "auth.permission", "fields": {"codename": "add_topicfollowed", "name": "Can add Sujet suivi", "content_type": 16}}, {"pk": 47, "model": "auth.permission", "fields": {"codename": "change_topicfollowed", "name": "Can change Sujet suivi", "content_type": 16}}, {"pk": 48, "model": "auth.permission", "fields": {"codename": "delete_topicfollowed", "name": "Can delete Sujet suivi", "content_type": 16}}, {"pk": 43, "model": "auth.permission", "fields": {"codename": "add_topicread", "name": "Can add Sujet lu", "content_type": 15}}, {"pk": 44, "model": "auth.permission", "fields": {"codename": "change_topicread", "name": "Can change Sujet lu", "content_type": 15}}, {"pk": 45, "model": "auth.permission", "fields": {"codename": "delete_topicread", "name": "Can delete Sujet lu", "content_type": 15}}, {"pk": 28, "model": "auth.permission", "fields": {"codename": "add_profile", "name": "Can add Profil", "content_type": 10}}, {"pk": 29, "model": "auth.permission", "fields": {"codename": "change_profile", "name": "Can change Profil", "content_type": 10}}, {"pk": 30, "model": "auth.permission", "fields": {"codename": "delete_profile", "name": "Can delete Profil", "content_type": 10}}, {"pk": 13, "model": "auth.permission", "fields": {"codename": "add_session", "name": "Can add session", "content_type": 5}}, {"pk": 14, "model": "auth.permission", "fields": {"codename": "change_session", "name": "Can change session", "content_type": 5}}, {"pk": 15, "model": "auth.permission", "fields": {"codename": "delete_session", "name": "Can delete session", "content_type": 5}}, {"pk": 16, "model": "auth.permission", "fields": {"codename": "add_site", "name": "Can add site", "content_type": 6}}, {"pk": 17, "model": "auth.permission", "fields": {"codename": "change_site", "name": "Can change site", "content_type": 6}}, {"pk": 18, "model": "auth.permission", "fields": {"codename": "delete_site", "name": "Can delete site", "content_type": 6}}, {"pk": 19, "model": "auth.permission", "fields": {"codename": "add_migrationhistory", "name": "Can add migration history", "content_type": 7}}, {"pk": 20, "model": "auth.permission", "fields": {"codename": "change_migrationhistory", "name": "Can change migration history", "content_type": 7}}, {"pk": 21, "model": "auth.permission", "fields": {"codename": "delete_migrationhistory", "name": "Can delete migration history", "content_type": 7}}, {"pk": 55, "model": "auth.permission", "fields": {"codename": "add_chapter", "name": "Can add Chapitre", "content_type": 19}}, {"pk": 56, "model": "auth.permission", "fields": {"codename": "change_chapter", "name": "Can change Chapitre", "content_type": 19}}, {"pk": 57, "model": "auth.permission", "fields": {"codename": "delete_chapter", "name": "Can delete Chapitre", "content_type": 19}}, {"pk": 58, "model": "auth.permission", "fields": {"codename": "add_extract", "name": "Can add Extrait", "content_type": 20}}, {"pk": 59, "model": "auth.permission", "fields": {"codename": "change_extract", "name": "Can change Extrait", "content_type": 20}}, {"pk": 60, "model": "auth.permission", "fields": {"codename": "delete_extract", "name": "Can delete Extrait", "content_type": 20}}, {"pk": 52, "model": "auth.permission", "fields": {"codename": "add_part", "name": "Can add Partie", "content_type": 18}}, {"pk": 53, "model": "auth.permission", "fields": {"codename": "change_part", "name": "Can change Partie", "content_type": 18}}, {"pk": 54, "model": "auth.permission", "fields": {"codename": "delete_part", "name": "Can delete Partie", "content_type": 18}}, {"pk": 49, "model": "auth.permission", "fields": {"codename": "add_tutorial", "name": "Can add Tutoriel", "content_type": 17}}, {"pk": 50, "model": "auth.permission", "fields": {"codename": "change_tutorial", "name": "Can change Tutoriel", "content_type": 17}}, {"pk": 51, "model": "auth.permission", "fields": {"codename": "delete_tutorial", "name": "Can delete Tutoriel", "content_type": 17}}, {"pk": 1, "model": "auth.user", "fields": {"username": "admin", "first_name": "", "last_name": "", "is_active": true, "is_superuser": true, "is_staff": true, "last_login": "2013-07-17T23:56:15.853", "groups": [], "user_permissions": [], "password": "pbkdf2_sha256$10000$2wrTIDvfWfyW$ByUx2LEXjUdeuStAOH7cyEcvPSgJtFPZYn7SsC1HNN0=", "email": "foo@bar.com", "date_joined": "2013-07-16T10:13:26.440"}}, {"pk": 2, "model": "auth.user", "fields": {"username": "Gnou", "first_name": "", "last_name": "", "is_active": true, "is_superuser": false, "is_staff": false, "last_login": "2013-07-17T23:38:36.204", "groups": [], "user_permissions": [], "password": "pbkdf2_sha256$10000$cw2OEEfy44D4$I+sQWLAKBgbDuUlA46AiY0cSq86AaWxYgeZun6UtOek=", "email": "gnou@foo.com", "date_joined": "2013-07-17T23:38:34.355"}}, {"pk": 3, "model": "auth.user", "fields": {"username": "Labrador", "first_name": "", "last_name": "", "is_active": true, "is_superuser": false, "is_staff": false, "last_login": "2013-07-17T23:50:33.168", "groups": [], "user_permissions": [], "password": "pbkdf2_sha256$10000$5GPYNoqPffdj$8LYk+noQhNPCXNUCTW+M9OFUU8f5MN1FGP/sWfewvIw=", "email": "labrador@foo.com", "date_joined": "2013-07-17T23:40:54.786"}}, {"pk": 1, "model": "member.profile", "fields": {"show_email": true, "avatar_url": "", "user": 1, "biography": "Je suis l'administrateur, j'ai donc **beaucoup de droits** (peut-\u00eatre *trop* ?).", "site": "http://perdu.com/"}}, {"pk": 2, "model": "member.profile", "fields": {"show_email": false, "avatar_url": null, "user": 2, "biography": "", "site": ""}}, {"pk": 3, "model": "member.profile", "fields": {"show_email": false, "avatar_url": null, "user": 3, "biography": "", "site": ""}}, {"pk": 1, "model": "forum.topic", "fields": {"is_sticky": true, "subtitle": "Venez d'abord jeter un coup d'\u0153il ici.", "forum": 1, "pubdate": "2013-07-17T23:37:40.428", "author": 1, "last_message": 3, "title": "Centralisation des licences libres", "is_locked": false, "is_solved": false}}, {"pk": 2, "model": "forum.topic", "fields": {"is_sticky": false, "subtitle": "C'est assez simple.", "forum": 3, "pubdate": "2013-07-17T23:48:44.960", "author": 1, "last_message": 4, "title": "Comment se connecter avec les comptes de test ?", "is_locked": false, "is_solved": false}}, {"pk": 1, "model": "forum.post", "fields": {"position_in_topic": 1, "pubdate": "2013-07-17T23:37:40.781", "author": 1, "text": "Boujour,\r\n\r\nUn petit sujet de centralisation des diff\u00e9rentes licences libres.\r\n\r\nLogiciel :\r\n\r\n * GNU GPL\r\n * GNU LGPL\r\n * WTFPL\r\n\r\nContenu :\r\n\r\n * Creative Commons\r\n\r\nN'h\u00e9sitez pas \u00e0 en citer d'autres pour que je les rajoute dans la liste !", "is_useful": false, "update": "2013-07-17T23:47:00.101", "topic": 1}}, {"pk": 2, "model": "forum.post", "fields": {"position_in_topic": 2, "pubdate": "2013-07-17T23:45:26.892", "author": 3, "text": "Je pense que l'on peut rajouter la WTFPL.", "is_useful": true, "update": null, "topic": 1}}, {"pk": 3, "model": "forum.post", "fields": {"position_in_topic": 3, "pubdate": "2013-07-17T23:46:08.097", "author": 1, "text": "Oui, en effet, je viens de la rajouter \u00e0 la liste ; merci.", "is_useful": false, "update": null, "topic": 1}}, {"pk": 4, "model": "forum.post", "fields": {"position_in_topic": 1, "pubdate": "2013-07-17T23:48:45.248", "author": 1, "text": "Bonjour,\r\n\r\nIl y a plusieurs comptes de tests dans ces donn\u00e9es de test, pour retrouver leur mot de passe, c'est tr\u00e8s simple ; voici l'algorithme :\r\n\r\n * Prendre le nom d'utilisateur en question\r\n * Le convertir en minuscules\r\n\r\nEt voil\u00e0, vous avez son mot de passe.\r\n\r\nAmusez-vous bien et n'oubliez pas de tester votre code !  \r\nMicroJoe.", "is_useful": false, "update": null, "topic": 2}}, {"pk": 3, "model": "forum.topicread", "fields": {"topic": 1, "post": 3, "user": 1}}, {"pk": 4, "model": "forum.topicread", "fields": {"topic": 2, "post": 4, "user": 1}}, {"pk": 5, "model": "forum.topicread", "fields": {"topic": 1, "post": 3, "user": 3}}, {"pk": 1, "model": "forum.topicfollowed", "fields": {"topic": 1, "user": 1}}, {"pk": 2, "model": "forum.topicfollowed", "fields": {"topic": 1, "user": 3}}, {"pk": 3, "model": "forum.topicfollowed", "fields": {"topic": 2, "user": 1}}, {"pk": 1, "model": "tutorial.tutorial", "fields": {"is_visible": true, "description": "Parce-que les gros sont trop long \u00e0 \u00e9crires", "title": "Un petit tutoriel", "introduction": "Beaucoup d'animaux !", "is_mini": true, "authors": [1, 2], "icon": "", "slug": "un-petit-tutoriel", "conclusion": "La partie sur les dauphins est de Gnou, le reste on ne sait pas trop."}}, {"pk": 2, "model": "tutorial.tutorial", "fields": {"is_visible": true, "description": "\u00ab Il \u00e9tait grand comme \u00e7a ! \u00bb", "title": "Un gros tutoriel", "introduction": "", "is_mini": false, "authors": [1], "icon": "", "slug": "un-gros-tutoriel", "conclusion": ""}}, {"pk": 1, "model": "article.article", "fields": {"is_visible": false, "description": "Petit article personnel pour dominer le monde des chiens.", "pubdate": "2013-07-17T23:51:19.491", "author": 3, "text": "Bonjour,\r\n\r\nLes labradors sont **jolis** et **doux**.\r\n\r\nVoil\u00e0 voil\u00e0 !", "title": "Pourquoi choisir un labrador ?"}}, {"pk": 2, "model": "article.article", "fields": {"is_visible": true, "description": "Toujours devant leurs \u00e9crans, mais que font-ils vraiment ?", "pubdate": "2013-07-17T23:53:07.524", "author": 3, "text": "Beaucoup de choses, comme d\u00e9velopper Progdupeupl par exemple.", "title": "Les \u00e9tudiants"}}, {"pk": 3, "model": "article.article", "fields": {"is_visible": true, "description": "Parce-que je suis admin.", "pubdate": "2013-07-17T23:54:32.641", "author": 1, "text": "N'h\u00e9sitez pas \u00e0 locker tous les topics sur la version de test, \u00e7a peut \u00eatre rigolo.", "title": "Un super article"}}, {"pk": 4, "model": "article.article", "fields": {"is_visible": true, "description": "Halte au blbl !", "pubdate": "2013-07-17T23:55:20.013", "author": 2, "text": "Arr\u00eatons le \u00ab\u00a0blbl\u00a0\u00bb pour le \u00ab gnougnou\u00a0\u00bb ! Marre des discriminations.", "title": "Gnougnou"}}, {"pk": 11, "model": "admin.logentry", "fields": {"action_flag": 2, "action_time": "2013-07-18T00:02:15.450", "object_repr": "Un petit tutoriel", "object_id": "1", "change_message": "Modifi\u00e9 is_visible.", "user": 1, "content_type": 17}}, {"pk": 10, "model": "admin.logentry", "fields": {"action_flag": 2, "action_time": "2013-07-18T00:02:07.150", "object_repr": "Un gros tutoriel", "object_id": "2", "change_message": "Modifi\u00e9 is_visible.", "user": 1, "content_type": 17}}, {"pk": 9, "model": "admin.logentry", "fields": {"action_flag": 1, "action_time": "2013-07-17T23:55:20.016", "object_repr": "Gnougnou", "object_id": "4", "change_message": "", "user": 1, "content_type": 21}}, {"pk": 8, "model": "admin.logentry", "fields": {"action_flag": 1, "action_time": "2013-07-17T23:54:32.644", "object_repr": "Un super article", "object_id": "3", "change_message": "", "user": 1, "content_type": 21}}, {"pk": 7, "model": "admin.logentry", "fields": {"action_flag": 2, "action_time": "2013-07-17T23:53:35.096", "object_repr": "Les \u00e9tudiants", "object_id": "2", "change_message": "Modifi\u00e9 is_visible.", "user": 1, "content_type": 21}}, {"pk": 6, "model": "admin.logentry", "fields": {"action_flag": 1, "action_time": "2013-07-17T23:34:55.373", "object_repr": "Discussions g\u00e9n\u00e9rales", "object_id": "3", "change_message": "", "user": 1, "content_type": 12}}, {"pk": 5, "model": "admin.logentry", "fields": {"action_flag": 1, "action_time": "2013-07-17T23:34:06.319", "object_repr": "Contribuer", "object_id": "2", "change_message": "", "user": 1, "content_type": 12}}, {"pk": 4, "model": "admin.logentry", "fields": {"action_flag": 1, "action_time": "2013-07-17T23:33:43.686", "object_repr": "Licences", "object_id": "1", "change_message": "", "user": 1, "content_type": 12}}, {"pk": 3, "model": "admin.logentry", "fields": {"action_flag": 1, "action_time": "2013-07-17T23:33:13.501", "object_repr": "Autres", "object_id": "2", "change_message": "", "user": 1, "content_type": 11}}, {"pk": 2, "model": "admin.logentry", "fields": {"action_flag": 1, "action_time": "2013-07-17T23:32:56.060", "object_repr": "Logiciel libre", "object_id": "1", "change_message": "", "user": 1, "content_type": 11}}, {"pk": 1, "model": "admin.logentry", "fields": {"action_flag": 1, "action_time": "2013-07-17T23:30:45.215", "object_repr": "admin", "object_id": "1", "change_message": "", "user": 1, "content_type": 10}}]